src_id,dst_type,dst_id,visible,visible_any_vertex,distance_m,eye_z,tgt_z
id8001,building,1,False,False,373.9602583528484,97.712,122.741
id8001,building,4,False,False,362.3529229692207,97.712,124.294
id8001,building,3,False,False,361.02682099461566,97.712,124.169
id8001,building,2,False,False,360.72965302282086,97.712,122.57
id8001,building,5,False,False,347.69083686984203,97.712,122.476
id8001,building,6,False,False,348.34160428782354,97.712,125.328
id8001,building,7,False,False,339.89467406670997,97.712,125.192
id8001,building,8,False,False,329.8071103779034,97.712,122.898
id8001,building,12,False,False,295.02784406790863,97.712,119.11
id8001,building,13,False,False,281.1373776279426,97.712,117.496
id8001,building,11,False,False,273.78934195176686,97.712,127.861
id8001,building,10,False,False,278.0323049540341,97.712,127.55
id8001,building,9,False,False,274.72326798640484,97.712,124.941
id8001,building,15,False,False,258.108315336905,97.712,123.164
id8001,building,17,False,False,240.14032428240446,97.712,124.327
id8001,building,21,False,False,231.17512815650886,97.712,122.809
id8001,building,24,False,False,231.9177289479382,97.712,123.043
id8001,building,22,False,False,232.24430584731869,97.712,125.993
id8001,building,30,False,False,241.25075234486488,97.712,122.736
id8001,building,33,False,False,251.6153337189099,97.712,118.58
id8001,building,35,False,False,243.34721065386861,97.712,116.247
id8001,building,28,False,False,237.67292682313277,97.712,118.89
id8001,building,37,False,False,218.43040772163624,97.712,120.254
id8001,building,36,False,False,228.77358859972648,97.712,117.923
id8001,building,41,False,False,211.55536229791622,97.712,117.251
id8001,building,40,False,False,203.5470632579308,97.712,117.157
id8001,building,49,False,False,232.9302535157604,97.712,112.929
id8001,building,50,False,False,254.4811216396512,97.712,109.271
id8001,building,51,False,False,248.11723445980346,97.712,108.456
id8001,building,52,False,False,244.44316855810487,97.712,110.037
id8001,building,55,False,False,228.01772355224057,97.712,109.679
id8001,building,47,False,False,214.04042865191082,97.712,110.213
id8001,building,48,False,False,224.4880848648716,97.712,112.604
id8001,building,169,False,False,201.50658845241577,97.712,112.357
id8001,building,19,False,False,218.56130987814944,97.712,118.794
id8001,building,20,False,False,212.15918354364584,97.712,117.316
id8001,building,43,False,False,200.8329376046331,97.712,118.841
id8001,building,45,False,False,192.33684250298063,97.712,116.907
id8001,building,44,False,False,185.64084114301818,97.712,115.638
id8001,building,46,False,False,186.69049098554478,97.712,117.63
id8001,building,207,False,False,237.00163021123163,97.712,105.381
id8001,building,205,False,False,223.13424679374663,97.712,105.893
id8001,building,203,False,False,213.20606966683044,97.712,107.109
id8001,building,208,False,False,203.2931464153327,97.712,107.46
id8001,building,210,False,False,197.50121370569602,97.712,107.24
id8001,building,212,False,False,186.86707193332143,97.712,109.264
id8001,building,209,False,False,190.26014302410235,97.712,109.254
id8001,building,211,False,False,201.90458003195013,97.712,106.477
id8001,building,215,False,False,186.47663532136406,97.712,107.747
id8001,building,216,False,False,185.3348725441773,97.712,109.772
id8001,building,217,False,False,183.68540650442708,97.712,106.449
id8001,building,218,False,False,171.47499229806243,97.712,106.289
id8001,building,214,False,True,168.4403408285733,97.712,111.817
id8001,building,213,False,True,177.40589633526142,97.712,114.194
id8001,building,190,False,False,157.0608499351905,97.712,110.806
id8001,building,180,False,False,158.54747217697533,97.712,111.395
id8001,building,188,False,True,155.96510266934885,97.712,115.842
id8001,building,184,False,False,163.10723634045672,97.712,111.935
id8001,building,183,True,True,168.4956662945074,97.712,117.291
id8001,building,179,False,False,169.52114844393782,97.712,115.337
id8001,building,177,False,False,166.78609629080296,97.712,112.177
id8001,building,178,False,False,169.45641900066363,97.712,113.123
id8001,building,176,False,False,170.96177790125282,97.712,112.933
id8001,building,172,False,False,175.80640273671855,97.712,113.921
id8001,building,171,False,False,176.4470005054584,97.712,118.25
id8001,building,173,False,False,173.39957965772132,97.712,113.558
id8001,building,170,False,False,180.46552700038575,97.712,114.437
id8001,building,167,False,False,191.32389365710702,97.712,114.715
id8001,building,185,False,False,170.88336637347254,97.712,112.022
id8001,building,165,False,False,157.2927889004206,97.712,106.219
id8001,building,158,False,False,134.89617115265895,97.712,104.322
id8001,building,152,False,False,119.59735130946406,97.712,104.689
id8001,building,150,False,False,114.3401701184288,97.712,102.744
id8001,building,194,True,True,136.6753347769151,97.712,110.588
id8001,building,198,False,False,133.3944640665222,97.712,105.657
id8001,building,197,False,False,146.64625111306987,97.712,108.086
id8001,building,226,False,False,150.42370369997167,97.712,107.197
id8001,building,219,False,False,166.2227753324288,97.712,106.085
id8001,building,223,False,False,157.45393818789447,97.712,105.31
id8001,building,220,False,False,168.9854917495119,97.712,105.283
id8001,building,221,False,False,164.7783268302318,97.712,108.097
id8001,building,228,False,False,143.33863537027793,97.712,104.037
id8001,building,229,False,False,136.3256074674136,97.712,103.109
id8001,building,230,False,False,132.50214058745215,97.712,102.492
id8001,building,199,False,False,123.09596136583224,97.712,106.457
id8001,building,200,False,False,117.89018295514825,97.712,101.309
id8001,building,237,False,False,105.16249694636397,97.712,99.033
id8001,building,149,False,False,107.12187642565424,97.712,100.254
id8001,building,133,False,False,96.6175689940196,97.712,97.803
id8001,building,144,False,False,94.29552396017935,97.712,98.379
id8001,building,142,False,False,89.2438693495465,97.712,98.202
id8001,building,148,False,False,100.27455983356475,97.712,99.122
id8001,building,62,False,False,97.5739979718475,97.712,105.754
id8001,building,56,False,False,126.50011881007441,97.712,105.701
id8001,building,57,False,False,116.37169669219817,97.712,104.345
id8001,building,58,False,False,111.14079057384956,97.712,104.627
id8001,building,59,False,False,101.70615313359158,97.712,104.383
id8001,building,61,False,False,91.79719740318579,97.712,104.735
id8001,building,63,False,False,86.31342974233063,97.712,105.349
id8001,building,65,False,False,83.71433768374484,97.712,106.386
id8001,building,66,True,True,69.04625659491619,97.712,112.124
id8001,building,67,False,True,55.36023400795899,97.712,102.091
id8001,building,68,False,False,41.85574797375485,97.712,100.183
id8001,building,98,True,True,40.62837441844275,97.712,99.512
id8001,building,64,False,False,84.25778577125782,97.712,106.836
id8001,building,141,False,False,87.08273231259139,97.712,99.95
id8001,building,145,False,False,97.61330426712388,97.712,102.066
id8001,building,146,False,False,91.93429282363593,97.712,102.108
id8001,building,234,False,False,175.22285081752867,97.712,100.44
id8001,building,231,False,False,139.9773593917512,97.712,102.698
id8001,building,236,False,False,134.7964350525017,97.712,102.748
id8001,building,232,False,False,147.81002693502106,97.712,102.209
id8001,building,233,False,False,151.24720672393408,97.712,101.397
id8001,building,235,False,False,153.8702077299025,97.712,100.235
id8001,building,134,False,False,75.70066204214942,97.712,97.552
id8001,building,138,False,False,84.44443116196688,97.712,97.571
id8001,building,105,False,True,67.23560834787521,97.712,98.94
id8001,building,103,False,True,65.93873417222136,97.712,101.495
id8001,building,104,False,True,64.01512026946872,97.712,100.406
id8001,building,101,False,False,60.54793200615254,97.712,105.366
id8001,building,238,False,False,104.4487362142723,97.712,100.6
id8001,building,239,False,False,98.65968164229074,97.712,102.933
id8001,building,131,False,False,91.63291709069493,97.712,96.457
id8001,building,132,False,False,93.97345488416322,97.712,99.82
id8001,building,107,False,False,68.36946765082654,97.712,96.417
id8001,building,108,False,False,62.724411638090125,97.712,99.078
id8001,building,130,False,False,77.73138538110615,97.712,94.705
id8001,building,241,False,True,98.61965243823128,97.712,102.483
id8001,building,243,False,True,95.89325194016523,97.712,102.382
id8001,building,244,False,False,94.49373815244398,97.712,100.712
id8001,building,245,False,True,86.56236485536537,97.712,99.899
id8001,building,128,False,False,78.59608663026061,97.712,95.078
id8001,building,129,False,False,72.19025024905612,97.712,97.362
id8001,building,111,False,False,56.239528478660084,97.712,93.115
id8001,building,123,False,False,59.84761388607371,97.712,92.157
id8001,building,246,False,True,83.52569670618306,97.712,101.051
id8001,building,250,True,True,81.70793783804707,97.712,102.029
id8001,building,247,False,True,81.68913850495645,97.712,98.793
id8001,building,252,False,True,88.50023525171676,97.712,99.55
id8001,building,122,False,False,57.86325271132536,97.712,95.235
id8001,building,121,False,False,57.46017325297943,97.712,90.773
id8001,building,119,False,False,64.52662818544698,97.712,92.943
id8001,building,253,False,True,79.66169726507471,97.712,97.681
id8001,building,255,False,True,76.6164683932517,97.712,96.161
id8001,building,87,True,True,55.9720262771207,97.712,88.192
id8001,building,85,False,False,46.46785927264757,97.712,87.976
id8001,building,84,False,True,33.03199090937682,97.712,89.933
id8001,building,114,False,False,42.32056660641963,97.712,91.946
id8001,building,97,False,False,35.02795925070765,97.712,98.114
id8001,building,96,False,True,30.118920012529617,97.712,94.936
id8001,building,95,False,False,27.951765004964095,97.712,93.797
id8001,building,92,False,False,24.86259875802225,97.712,96.175
id8001,building,90,False,True,28.996216892651056,97.712,91.813
id8001,building,117,False,False,44.47009766454908,97.712,90.928
id8001,building,118,False,True,45.77770318938479,97.712,90.925
id8001,building,88,False,False,21.604977582298936,97.712,92.096
id8001,building,89,False,True,13.825067581402969,97.712,94.769
id8001,building,94,True,True,11.141199944559041,97.712,96.013
id8001,building,80,False,True,5.038529499544522,97.712,100.507
id8001,building,69,False,False,52.18162469296138,97.712,99.86
id8001,building,73,False,False,37.120249238548276,97.712,100.599
id8001,building,76,False,True,27.424872128649593,97.712,99.356
id8001,building,77,False,True,20.944387666019807,97.712,103.402
id8001,building,70,False,False,45.918973412984684,97.712,99.773
id8001,building,71,False,False,41.48030871452291,97.712,100.715
id8001,building,72,False,False,35.637376847917125,97.712,99.647
id8001,building,74,False,False,34.33944909458782,97.712,101.002
id8001,building,75,False,False,28.991609297944937,97.712,104.259
id8001,building,79,False,False,25.284690184255435,97.712,98.323
id8001,building,78,False,False,18.060406422664084,97.712,98.493
id8001,building,81,False,False,19.587913165602007,97.712,96.984
id8001,building,82,False,False,35.226253154386136,97.712,93.83
id8001,building,83,False,False,17.958663798864308,97.712,93.398
id8001,building,258,False,True,85.32047466221175,97.712,92.629
id8001,building,259,False,True,93.19503082418939,97.712,95.705
id8001,building,260,False,False,95.55925340612602,97.712,95.289
id8001,building,137,False,False,83.75280318490874,97.712,99.766
id8001,building,135,False,False,79.5176325487707,97.712,100.105
id8001,building,136,False,False,81.47716415096032,97.712,99.95
id8001,building,102,False,False,60.71814116652262,97.712,105.096
id8001,building,100,False,False,61.338560573548904,97.712,104.406
id8001,building,99,False,False,62.55976536724842,97.712,103.2
id8001,building,14,False,False,286.30059309180507,97.712,116.801
id8001,building,106,False,False,70.42594501904776,97.712,97.119
id8001,building,109,False,False,60.3683254445941,97.712,94.975
id8001,building,16,False,False,245.10471778931472,97.712,123.721
id8001,building,18,False,False,234.7733881723821,97.712,118.824
id8001,building,240,False,False,102.41192298151697,97.712,102.069
id8001,building,242,False,False,104.79409736792365,97.712,102.218
id8001,building,31,False,False,246.27839733067296,97.712,123.654
id8001,building,29,False,False,239.5397211305323,97.712,124.499
id8001,building,23,False,False,238.28785066604928,97.712,123.603
id8001,building,25,False,False,231.08914130537144,97.712,121.138
id8001,building,34,False,False,254.29209259119133,97.712,114.909
id8001,building,32,False,False,248.1532267365771,97.712,121.293
id8001,building,110,False,False,56.977283736294694,97.712,96.988
id8001,building,127,False,True,67.6979589398007,97.712,97.764
id8001,building,126,True,True,65.06592107226149,97.712,96.266
id8001,building,125,True,True,62.05770059923858,97.712,95.681
id8001,building,124,True,True,60.72631466254548,97.712,95.466
id8001,building,27,False,False,229.03719797179397,97.712,119.345
id8001,building,38,False,False,215.17949881760808,97.712,119.456
id8001,building,26,False,False,223.15222098604983,97.712,119.654
id8001,building,39,False,False,210.75331953927622,97.712,120.226
id8001,building,248,False,True,91.1167339631888,97.712,100.768
id8001,building,249,False,True,79.89360046885166,97.712,98.743
id8001,building,251,True,True,81.51410555141135,97.712,98.509
id8001,building,53,False,False,234.4952954354642,97.712,108.929
id8001,building,54,False,False,235.64315215110986,97.712,106.316
id8001,building,120,False,True,57.105375059949885,97.712,90.365
id8001,building,254,True,True,79.8130402230354,97.712,101.107
id8001,building,256,False,True,76.3374028200624,97.712,93.597
id8001,building,86,False,False,47.74035197093722,97.712,87.155
id8001,building,112,False,False,45.61318499301042,97.712,92.728
id8001,building,113,False,False,44.516315210850905,97.712,92.648
id8001,building,42,False,False,200.58298444039525,97.712,115.146
id8001,building,93,False,True,20.745816049560233,97.712,97.803
id8001,building,91,False,False,34.53379748556427,97.712,91.077
id8001,building,204,False,False,225.08178556363882,97.712,106.07
id8001,building,206,False,False,221.93042563583853,97.712,110.339
id8001,building,115,False,False,48.95173889388338,97.712,91.445
id8001,building,116,False,False,45.50671463146381,97.712,94.037
id8001,building,261,False,False,100.52500246220056,97.712,95.362
id8001,building,262,False,False,108.60431223956705,97.712,94.682
id8001,building,263,False,False,115.92252364089718,97.712,93.51
id8001,building,257,False,True,79.44384929615637,97.712,91.384
id8001,building,202,False,False,217.03878052084397,97.712,106.542
id8001,building,60,False,False,97.91161976590809,97.712,107.52
id8001,building,139,False,False,81.82216431629503,97.712,100.306
id8001,building,140,False,True,78.56224861437461,97.712,103.645
id8001,building,147,False,False,95.14220659806506,97.712,104.376
id8001,building,143,False,False,96.57058584926769,97.712,98.683
id8001,building,151,False,False,117.32390758536934,97.712,104.225
id8001,building,153,False,False,121.74306656453734,97.712,104.199
id8001,building,154,False,False,121.59867526308672,97.712,103.503
id8001,building,155,False,False,126.44285878634132,97.712,104.377
id8001,building,156,False,False,128.59904051233002,97.712,108.194
id8001,building,157,False,False,130.64239876570525,97.712,107.162
id8001,building,159,False,False,139.13076234785416,97.712,107.781
id8001,building,160,False,False,142.1928309074355,97.712,105.225
id8001,building,161,False,False,145.5875340378061,97.712,106.236
id8001,building,162,False,False,148.63897698088928,97.712,110.894
id8001,building,163,False,False,151.41898820583714,97.712,107.044
id8001,building,164,False,False,154.1184410221792,97.712,106.701
id8001,building,166,False,False,191.11172117491228,97.712,114.788
id8001,building,168,False,False,191.28541044283583,97.712,114.562
id8001,building,174,False,False,172.36367341194526,97.712,116.486
id8001,building,175,False,False,173.23411746135682,97.712,117.494
id8001,building,181,False,False,174.77730527057528,97.712,112.111
id8001,building,182,False,False,164.70812635295678,97.712,112.098
id8001,building,186,False,False,161.15200722963772,97.712,111.737
id8001,building,187,False,True,158.52852551821155,97.712,114.637
id8001,building,189,False,False,152.25204668912767,97.712,110.456
id8001,building,191,False,True,145.96612487139436,97.712,110.072
id8001,building,192,False,True,143.47106170588975,97.712,109.752
id8001,building,196,True,True,129.95873680911646,97.712,108.584
id8001,building,195,False,True,133.1320798102645,97.712,106.078
id8001,building,193,False,False,139.59519613814223,97.712,107.583
id8001,building,201,False,False,118.9404277292149,97.712,101.628
id8001,building,224,False,False,153.3058685804809,97.712,104.845
id8001,building,222,False,False,158.2787919499045,97.712,108.949
id8001,building,225,False,False,155.69596615588594,97.712,106.803
id8001,building,227,False,False,145.2231171713683,97.712,105.334
id18001,building,1,False,False,224.27596641795944,112.684,122.741
id18001,building,4,False,False,208.46521892303824,112.684,124.294
id18001,building,3,False,False,208.5015544649151,112.684,124.169
id18001,building,2,False,False,209.9776999581162,112.684,122.57
id18001,building,5,False,False,197.19175971512087,112.684,122.476
id18001,building,6,False,False,191.41053214101993,112.684,125.328
id18001,building,7,False,False,185.7303156829133,112.684,125.192
id18001,building,8,False,False,179.672187080601,112.684,122.898
id18001,building,12,False,False,132.3408779841138,112.684,119.11
id18001,building,13,False,False,118.64014309468995,112.684,117.496
id18001,building,11,False,False,117.36723003589694,112.684,127.861
id18001,building,10,False,False,124.77577602828418,112.684,127.55
id18001,building,9,False,False,124.7658824025564,112.684,124.941
id18001,building,15,False,False,114.39292696685253,112.684,123.164
id18001,building,17,False,False,95.60879697597146,112.684,124.327
id18001,building,21,False,False,79.12067121788324,112.684,122.809
id18001,building,24,False,False,70.82356380036386,112.684,123.043
id18001,building,22,False,False,75.61962477301584,112.684,125.993
id18001,building,30,False,False,79.08078361390444,112.684,122.736
id18001,building,33,False,False,88.92433867434973,112.684,118.58
id18001,building,35,False,False,80.985947599692,112.684,116.247
id18001,building,28,False,False,74.99547886452947,112.684,118.89
id18001,building,37,False,False,55.74537524513558,112.684,120.254
id18001,building,36,False,False,66.39677020276645,112.684,117.923
id18001,building,41,False,False,49.89253779693629,112.684,117.251
id18001,building,40,False,False,41.14593746990945,112.684,117.157
id18001,building,49,False,False,75.83445360673474,112.684,112.929
id18001,building,50,False,False,98.75890872663618,112.684,109.271
id18001,building,51,False,False,93.79217403509384,112.684,108.456
id18001,building,52,False,False,94.57524790267136,112.684,110.037
id18001,building,55,False,False,86.14962066962595,112.684,109.679
id18001,building,47,False,False,62.65459625798869,112.684,110.213
id18001,building,48,False,False,71.41466568546743,112.684,112.604
id18001,building,169,False,False,47.137617789433854,112.684,112.357
id18001,building,19,False,False,74.21640306298812,112.684,118.794
id18001,building,20,False,False,68.96597720633787,112.684,117.316
id18001,building,43,False,False,52.89479075298694,112.684,118.841
id18001,building,45,False,False,36.010098710930244,112.684,116.907
id18001,building,44,False,True,36.52739568922489,112.684,115.638
id18001,building,46,False,True,30.512374979712312,112.684,117.63
id18001,building,207,False,False,108.20619123136278,112.684,105.381
id18001,building,205,False,False,88.19490900674035,112.684,105.893
id18001,building,203,False,False,76.43973164639762,112.684,107.109
id18001,building,208,False,False,70.70840155175438,112.684,107.46
id18001,building,210,False,False,66.72988114043292,112.684,107.24
id18001,building,212,False,False,51.412377144211604,112.684,109.264
id18001,building,209,False,False,51.180879974348734,112.684,109.254
id18001,building,211,False,False,78.02981352028353,112.684,106.477
id18001,building,215,False,False,63.08449936320955,112.684,107.747
id18001,building,216,False,False,68.42623950040014,112.684,109.772
id18001,building,217,False,False,75.80883091744009,112.684,106.449
id18001,building,218,False,False,62.36556537157941,112.684,106.289
id18001,building,214,False,False,52.10921495814075,112.684,111.817
id18001,building,213,False,False,47.883019235358816,112.684,114.194
id18001,building,190,False,False,36.7673151409907,112.684,110.806
id18001,building,180,False,False,9.51172297573051,112.684,111.395
id18001,building,188,False,False,29.565536887924264,112.684,115.842
id18001,building,184,False,False,24.869821003260093,112.684,111.935
id18001,building,183,False,True,24.9227402347159,112.684,117.291
id18001,building,179,False,True,20.53552930359987,112.684,115.337
id18001,building,177,False,True,4.085980571009641,112.684,112.177
id18001,building,178,False,True,9.756895505178917,112.684,113.123
id18001,building,176,False,True,14.07337111577953,112.684,112.933
id18001,building,172,False,False,13.881044257182452,112.684,113.921
id18001,building,171,False,False,13.796543820301448,112.684,118.25
id18001,building,173,False,False,11.938657163671357,112.684,113.558
id18001,building,170,False,False,19.348313978814495,112.684,114.437
id18001,building,167,False,False,30.984928495461908,112.684,114.715
id18001,building,185,False,False,30.98837492729669,112.684,112.022
id18001,building,165,False,False,21.565815770377924,112.684,106.219
id18001,building,158,False,False,29.152917737559406,112.684,104.322
id18001,building,152,False,False,43.10812239762263,112.684,104.689
id18001,building,150,False,False,49.657027599020566,112.684,102.744
id18001,building,194,False,False,42.314048614991826,112.684,110.588
id18001,building,198,False,False,57.159579340972414,112.684,105.657
id18001,building,197,False,False,44.70972142043959,112.684,108.086
id18001,building,226,False,False,59.541159016379524,112.684,107.197
id18001,building,219,False,False,65.40660978282281,112.684,106.085
id18001,building,223,False,False,71.51374264204912,112.684,105.31
id18001,building,220,False,False,78.28061433108512,112.684,105.283
id18001,building,221,False,False,76.94981728037966,112.684,108.097
id18001,building,228,False,False,73.2380800279829,112.684,104.037
id18001,building,229,False,False,75.25935985981941,112.684,103.109
id18001,building,230,False,False,79.27892932668153,112.684,102.492
id18001,building,199,False,False,72.78022155173582,112.684,106.457
id18001,building,200,False,False,87.72392754179789,112.684,101.309
id18001,building,237,False,False,87.17148493979595,112.684,99.033
id18001,building,149,False,False,61.801089869762116,112.684,100.254
id18001,building,133,False,False,78.87848244369215,112.684,97.803
id18001,building,144,False,False,73.91653588927028,112.684,98.379
id18001,building,142,False,False,76.09766707182006,112.684,98.202
id18001,building,148,False,False,62.799665054292596,112.684,99.122
id18001,building,62,False,False,86.70633037615265,112.684,105.754
id18001,building,56,False,False,57.91972780990894,112.684,105.701
id18001,building,57,False,False,60.69474964550292,112.684,104.345
id18001,building,58,False,False,70.49793011897931,112.684,104.627
id18001,building,59,False,False,74.68856011667214,112.684,104.383
id18001,building,61,False,False,82.53615425034927,112.684,104.735
id18001,building,63,False,False,89.56588946667432,112.684,105.349
id18001,building,65,False,False,101.87481807542612,112.684,106.386
id18001,building,66,False,False,114.91270939611542,112.684,112.124
id18001,building,67,False,False,120.46248908628164,112.684,102.091
id18001,building,68,False,False,125.18761887248124,112.684,100.183
id18001,building,98,False,False,122.15485492924843,112.684,99.512
id18001,building,64,False,False,83.57650639783255,112.684,106.836
id18001,building,141,False,False,75.6197636101981,112.684,99.95
id18001,building,145,False,False,68.6162387574866,112.684,102.066
id18001,building,146,False,False,71.93453529629309,112.684,102.108
id18001,building,234,False,False,113.63752398024181,112.684,100.44
id18001,building,231,False,False,86.15841183517747,112.684,102.698
id18001,building,236,False,False,92.7043318733926,112.684,102.748
id18001,building,232,False,False,93.55366655923865,112.684,102.209
id18001,building,233,False,False,103.86890813945065,112.684,101.397
id18001,building,235,False,False,115.32503711390757,112.684,100.235
id18001,building,134,False,False,95.13257746747841,112.684,97.552
id18001,building,138,False,False,83.07647279080608,112.684,97.571
id18001,building,105,False,False,101.13424429245055,112.684,98.94
id18001,building,103,False,False,96.7620311163688,112.684,101.495
id18001,building,104,False,False,99.45359816940626,112.684,100.406
id18001,building,101,False,False,104.40608498212397,112.684,105.366
id18001,building,238,False,False,99.37031869986515,112.684,100.6
id18001,building,239,False,False,105.18842955179254,112.684,102.933
id18001,building,131,False,False,98.66833175042555,112.684,96.457
id18001,building,132,False,False,93.60979818837173,112.684,99.82
id18001,building,107,False,False,108.34017818734496,112.684,96.417
id18001,building,108,False,False,113.40232835354793,112.684,99.078
id18001,building,130,False,False,110.653331752849,112.684,94.705
id18001,building,241,False,False,119.68981243128827,112.684,102.483
id18001,building,243,False,False,125.90051715910532,112.684,102.382
id18001,building,244,False,False,132.44869766340994,112.684,100.712
id18001,building,245,False,False,128.1872467820707,112.684,99.899
id18001,building,128,False,False,122.30825646744367,112.684,95.078
id18001,building,129,False,False,119.9510633513203,112.684,97.362
id18001,building,111,False,False,127.86289800812943,112.684,93.115
id18001,building,123,False,False,142.6487683201196,112.684,92.157
id18001,building,246,False,False,133.80029954883958,112.684,101.051
id18001,building,250,False,False,161.27525539479865,112.684,102.029
id18001,building,247,False,False,145.78875594582288,112.684,98.793
id18001,building,252,False,False,152.2065828809446,112.684,99.55
id18001,building,122,False,False,149.60289858368603,112.684,95.235
id18001,building,121,False,False,157.599742981338,112.684,90.773
id18001,building,119,False,False,160.2855021414208,112.684,92.943
id18001,building,253,False,False,171.27192096496583,112.684,97.681
id18001,building,255,False,False,178.9117777661981,112.684,96.161
id18001,building,87,False,False,174.09405956161805,112.684,88.192
id18001,building,85,False,False,176.31145338308804,112.684,87.976
id18001,building,84,False,False,169.98559514935806,112.684,89.933
id18001,building,114,False,False,132.5969950185623,112.684,91.946
id18001,building,97,False,False,128.60073183501424,112.684,98.114
id18001,building,96,False,False,133.41933074933704,112.684,94.936
id18001,building,95,False,False,136.85267787865445,112.684,93.797
id18001,building,92,False,False,141.57665710182715,112.684,96.175
id18001,building,90,False,False,144.30395519091158,112.684,91.813
id18001,building,117,False,False,151.66254680766113,112.684,90.928
id18001,building,118,False,False,157.54578406480812,112.684,90.925
id18001,building,88,False,False,155.59952151434305,112.684,92.096
id18001,building,89,False,False,151.57442361745768,112.684,94.769
id18001,building,94,False,False,152.03046871288572,112.684,96.013
id18001,building,80,False,False,166.47699714800393,112.684,100.507
id18001,building,69,False,False,178.97548934569429,112.684,99.86
id18001,building,73,False,False,171.63846787290316,112.684,100.599
id18001,building,76,False,False,164.82585844336106,112.684,99.356
id18001,building,77,False,False,170.99244072973096,112.684,103.402
id18001,building,70,False,False,183.77034468906587,112.684,99.773
id18001,building,71,False,False,186.43780633217753,112.684,100.715
id18001,building,72,False,False,179.16282646213213,112.684,99.647
id18001,building,74,False,False,186.30524813525412,112.684,101.002
id18001,building,75,False,False,180.36289647508184,112.684,104.259
id18001,building,79,False,False,184.2948813966885,112.684,98.323
id18001,building,78,False,False,177.1048110638462,112.684,98.493
id18001,building,81,False,False,181.91221690937948,112.684,96.984
id18001,building,82,False,False,195.2553345709235,112.684,93.83
id18001,building,83,False,False,177.37950395679988,112.684,93.398
id18001,building,258,False,False,197.73149878831126,112.684,92.629
id18001,building,259,False,False,204.0099429011955,112.684,95.705
id18001,building,260,False,False,199.17438073448653,112.684,95.289
id18001,building,137,False,False,86.8586599738436,112.684,99.766
id18001,building,135,False,False,92.48663993555698,112.684,100.105
id18001,building,136,False,False,89.98190319024481,112.684,99.95
id18001,building,102,False,False,102.99561209231649,112.684,105.096
id18001,building,100,False,False,105.1713739990977,112.684,104.406
id18001,building,99,False,False,104.9189103798646,112.684,103.2
id18001,building,14,False,False,123.83522415728163,112.684,116.801
id18001,building,106,False,False,103.29350387697366,112.684,97.119
id18001,building,109,False,False,116.74572215901014,112.684,94.975
id18001,building,16,False,False,99.91207139709834,112.684,123.721
id18001,building,18,False,False,91.04240346726944,112.684,118.824
id18001,building,240,False,False,113.1595689904289,112.684,102.069
id18001,building,242,False,False,118.55631289914557,112.684,102.218
id18001,building,31,False,False,88.11020396924287,112.684,123.654
id18001,building,29,False,False,77.99378948363987,112.684,124.499
id18001,building,23,False,False,78.76071900750325,112.684,123.603
id18001,building,25,False,False,68.92481540087427,112.684,121.138
id18001,building,34,False,False,92.00827125014469,112.684,114.909
id18001,building,32,False,False,86.40865373908981,112.684,121.293
id18001,building,110,False,False,122.54543844862917,112.684,96.988
id18001,building,127,False,False,127.46280746993293,112.684,97.764
id18001,building,126,False,False,132.00837958487148,112.684,96.266
id18001,building,125,False,False,136.41650486051657,112.684,95.681
id18001,building,124,False,False,139.61585231051325,112.684,95.466
id18001,building,27,False,False,66.343166155461,112.684,119.345
id18001,building,38,False,False,52.5150300947969,112.684,119.456
id18001,building,26,False,False,60.45207468485804,112.684,119.654
id18001,building,39,False,False,48.092930783876966,112.684,120.226
id18001,building,248,False,False,137.97963838377967,112.684,100.768
id18001,building,249,False,False,156.02970703315108,112.684,98.743
id18001,building,251,False,False,163.97292918966966,112.684,98.509
id18001,building,53,False,False,86.3074934012524,112.684,108.929
id18001,building,54,False,False,91.37020862896574,112.684,106.316
id18001,building,120,False,False,162.2125742626982,112.684,90.365
id18001,building,254,False,False,176.752491278892,112.684,101.107
id18001,building,256,False,False,182.48916778547948,112.684,93.597
id18001,building,86,False,False,180.1821485725327,112.684,87.155
id18001,building,112,False,False,126.9172721982091,112.684,92.728
id18001,building,113,False,False,128.9664577115023,112.684,92.648
id18001,building,42,False,False,55.422584556479784,112.684,115.146
id18001,building,93,False,False,143.57304142429672,112.684,97.803
id18001,building,91,False,False,147.28534480461767,112.684,91.077
id18001,building,204,False,False,88.14322173827458,112.684,106.07
id18001,building,206,False,False,89.3050765290616,112.684,110.339
id18001,building,115,False,False,141.94743232615124,112.684,91.445
id18001,building,116,False,False,147.3183718364268,112.684,94.037
id18001,building,261,False,False,204.36522971909542,112.684,95.362
id18001,building,262,False,False,211.27894032342465,112.684,94.682
id18001,building,263,False,False,218.29901434636858,112.684,93.51
id18001,building,257,False,False,193.64090591436232,112.684,91.384
id18001,building,202,False,False,78.1132503050376,112.684,106.542
id18001,building,60,False,False,77.76266036229535,112.684,107.52
id18001,building,139,False,False,81.95708243258146,112.684,100.306
id18001,building,140,False,False,84.18901523786022,112.684,103.645
id18001,building,147,False,False,67.80638152064074,112.684,104.376
id18001,building,143,False,False,68.68867719650989,112.684,98.683
id18001,building,151,False,False,45.52663472785413,112.684,104.225
id18001,building,153,False,False,41.28155827644759,112.684,104.199
id18001,building,154,False,False,42.43158261705671,112.684,103.503
id18001,building,155,False,False,36.2711274127152,112.684,104.377
id18001,building,156,False,False,34.25653540638727,112.684,108.194
id18001,building,157,False,False,32.522969014057004,112.684,107.162
id18001,building,159,False,False,26.49343781136967,112.684,107.781
id18001,building,160,False,False,25.295643853608695,112.684,105.225
id18001,building,161,False,False,24.67179884691034,112.684,106.236
id18001,building,162,False,False,24.77784627977454,112.684,110.894
id18001,building,163,False,True,25.333737378827166,112.684,107.044
id18001,building,164,False,True,26.278414972010438,112.684,106.701
id18001,building,166,False,False,29.460700544190303,112.684,114.788
id18001,building,168,False,False,33.17054137493938,112.684,114.562
id18001,building,174,False,False,10.200594874033317,112.684,116.486
id18001,building,175,False,False,15.012815696157524,112.684,117.494
id18001,building,181,False,False,26.111880189512586,112.684,112.111
id18001,building,182,False,False,19.488898420557298,112.684,112.098
id18001,building,186,False,False,29.160753450730606,112.684,111.737
id18001,building,187,False,False,27.562825982598113,112.684,114.637
id18001,building,189,False,False,33.310748933989935,112.684,110.456
id18001,building,191,False,False,32.59295220628321,112.684,110.072
id18001,building,192,False,False,37.22663389683191,112.684,109.752
id18001,building,196,False,False,48.798624314359195,112.684,108.584
id18001,building,195,False,False,46.381012702715786,112.684,106.078
id18001,building,193,False,False,39.514764043302236,112.684,107.583
id18001,building,201,False,False,78.49733034056794,112.684,101.628
id18001,building,224,False,False,73.97354688335892,112.684,104.845
id18001,building,222,False,False,68.39387419829445,112.684,108.949
id18001,building,225,False,False,57.27448885158858,112.684,106.803
id18001,building,227,False,False,61.62370358351565,112.684,105.334
id18101,building,1,False,False,226.82355929034833,112.583,122.741
id18101,building,4,False,False,208.85988127659243,112.583,124.294
id18101,building,3,False,False,209.757260384354,112.583,124.169
id18101,building,2,False,False,212.23768963944386,112.583,122.57
id18101,building,5,False,False,199.8856823465645,112.583,122.476
id18101,building,6,False,False,189.92253373332406,112.583,125.328
id18101,building,7,False,False,186.4445242169643,112.583,125.192
id18101,building,8,False,False,183.03457995703803,112.583,122.898
id18101,building,12,False,False,122.72303394190945,112.583,119.11
id18101,building,13,False,False,106.90268845910398,112.583,117.496
id18101,building,11,False,False,118.77420379294516,112.583,127.861
id18101,building,10,False,False,128.2952022822361,112.583,127.55
id18101,building,9,False,False,130.4195420394444,112.583,124.941
id18101,building,15,False,False,123.98159678509711,112.583,123.164
id18101,building,17,False,False,106.25622780649805,112.583,124.327
id18101,building,21,False,False,86.96650972990577,112.583,122.809
id18101,building,24,False,False,69.62740185734603,112.583,123.043
id18101,building,22,False,False,80.02151334351223,112.583,125.993
id18101,building,30,False,False,74.37283445257744,112.583,122.736
id18101,building,33,False,False,80.50290832005864,112.583,118.58
id18101,building,35,False,False,69.61369367463885,112.583,116.247
id18101,building,28,False,False,67.60916342956018,112.583,118.89
id18101,building,37,False,False,49.944921822281195,112.583,120.254
id18101,building,36,False,False,55.8023605048649,112.583,117.923
id18101,building,41,False,False,38.05376786478959,112.583,117.251
id18101,building,40,False,False,33.49005844967608,112.583,117.157
id18101,building,49,False,False,56.465449649122995,112.583,112.929
id18101,building,50,False,False,78.5823465126683,112.583,109.271
id18101,building,51,False,False,72.70841007730026,112.583,108.456
id18101,building,52,False,False,71.45431846686179,112.583,110.037
id18101,building,55,False,True,60.73425691808269,112.583,109.679
id18101,building,47,False,False,39.31726148150502,112.583,110.213
id18101,building,48,False,False,49.21005148720273,112.583,112.604
id18101,building,169,False,False,25.14091678907348,112.583,112.357
id18101,building,19,False,False,87.22684137135612,112.583,118.794
id18101,building,20,False,False,83.23598923187774,112.583,117.316
id18101,building,43,False,False,67.30778800357517,112.583,118.841
id18101,building,45,False,False,48.15182752706405,112.583,116.907
id18101,building,44,False,False,54.079021201741305,112.583,115.638
id18101,building,46,False,False,44.64018044991188,112.583,117.63
id18101,building,207,False,False,81.97699502781433,112.583,105.381
id18101,building,205,False,False,62.057521699293275,112.583,105.893
id18101,building,203,False,False,50.26433128046696,112.583,107.109
id18101,building,208,False,False,44.481938746383975,112.583,107.46
id18101,building,210,False,False,40.70601505192596,112.583,107.24
id18101,building,212,False,False,25.618182240351082,112.583,109.264
id18101,building,209,False,False,24.971319347505784,112.583,109.254
id18101,building,211,False,False,52.25763317073264,112.583,106.477
id18101,building,215,False,False,38.480196563148326,112.583,107.747
id18101,building,216,False,False,44.58598601649479,112.583,109.772
id18101,building,217,False,False,53.01602446699176,112.583,106.449
id18101,building,218,False,False,41.967001713687516,112.583,106.289
id18101,building,214,False,True,32.43219486526226,112.583,111.817
id18101,building,213,False,True,24.282727666015994,112.583,114.194
id18101,building,190,False,False,25.20019335255629,112.583,110.806
id18101,building,180,False,False,22.28356119957956,112.583,111.395
id18101,building,188,False,False,22.142619932860434,112.583,115.842
id18101,building,184,False,False,13.90696057328893,112.583,111.935
id18101,building,183,False,False,8.445620689412706,112.583,117.291
id18101,building,179,False,True,7.49885128127249,112.583,115.337
id18101,building,177,False,False,24.603767658576082,112.583,112.177
id18101,building,178,False,False,17.008549481011727,112.583,113.123
id18101,building,176,False,False,12.361007657677272,112.583,112.933
id18101,building,172,False,False,18.463265950629044,112.583,113.921
id18101,building,171,False,True,22.029705692868614,112.583,118.25
id18101,building,173,False,False,17.81650382612186,112.583,113.558
id18101,building,170,False,False,16.021754650797625,112.583,114.437
id18101,building,167,False,False,18.94564149215137,112.583,114.715
id18101,building,185,False,False,10.035779723989771,112.583,112.022
id18101,building,165,False,False,47.6644145239528,112.583,106.219
id18101,building,158,False,False,51.00016946317243,112.583,104.322
id18101,building,152,False,False,59.861647948258636,112.583,104.689
id18101,building,150,False,False,62.59995205491203,112.583,102.744
id18101,building,194,False,False,42.37825127357767,112.583,110.588
id18101,building,198,False,False,53.183193979275984,112.583,105.657
id18101,building,197,False,False,37.34863164931678,112.583,108.086
id18101,building,226,False,False,47.33488271034923,112.583,107.197
id18101,building,219,False,False,46.92483609407851,112.583,106.085
id18101,building,223,False,False,56.0780265418211,112.583,105.31
id18101,building,220,False,False,59.47756698637621,112.583,105.283
id18101,building,221,False,False,59.29981913285445,112.583,108.097
id18101,building,228,False,False,62.57493197271932,112.583,104.037
id18101,building,229,False,False,66.86589578135325,112.583,103.109
id18101,building,230,False,False,71.78847957139345,112.583,102.492
id18101,building,199,False,False,69.55947756174332,112.583,106.457
id18101,building,200,False,False,83.98694224551488,112.583,101.309
id18101,building,237,False,False,87.55538131680173,112.583,99.033
id18101,building,149,False,False,70.15547203313432,112.583,100.254
id18101,building,133,False,False,84.63590428459517,112.583,97.803
id18101,building,144,False,False,83.15859647621967,112.583,98.379
id18101,building,142,False,False,87.40644383708309,112.583,98.202
id18101,building,148,False,False,76.98178547580068,112.583,99.122
id18101,building,62,False,False,109.83599581942725,112.583,105.754
id18101,building,56,False,False,83.17650517837127,112.583,105.701
id18101,building,57,False,False,84.58673186873793,112.583,104.345
id18101,building,58,False,False,94.44373402071398,112.583,104.627
id18101,building,59,False,False,97.31926905196497,112.583,104.383
id18101,building,61,False,False,104.0902711984244,112.583,104.735
id18101,building,63,False,False,110.9472046744538,112.583,105.349
id18101,building,65,False,False,124.0430562105554,112.583,106.386
id18101,building,66,False,False,135.8276060665312,112.583,112.124
id18101,building,67,False,False,139.60462165385258,112.583,102.091
id18101,building,68,False,False,142.0365232633993,112.583,100.183
id18101,building,98,False,False,136.07557464105676,112.583,99.512
id18101,building,64,False,False,103.08498909169012,112.583,106.836
id18101,building,141,False,False,90.83642413169989,112.583,99.95
id18101,building,145,False,False,88.4051323311251,112.583,102.066
id18101,building,146,False,False,89.83662422704582,112.583,102.108
id18101,building,234,False,False,95.57761328154257,112.583,100.44
id18101,building,231,False,False,75.87695311360196,112.583,102.698
id18101,building,236,False,False,83.6635143708153,112.583,102.748
id18101,building,232,False,False,80.96519305483493,112.583,102.209
id18101,building,233,False,False,90.58864736615358,112.583,101.397
id18101,building,235,False,False,101.85411600237279,112.583,100.235
id18101,building,134,False,False,103.90436408233552,112.583,97.552
id18101,building,138,False,False,93.02150243599935,112.583,97.571
id18101,building,105,False,False,111.22705189580687,112.583,98.94
id18101,building,103,False,False,111.56681569048564,112.583,101.495
id18101,building,104,False,False,112.54088494704159,112.583,100.406
id18101,building,101,False,False,121.44924236184836,112.583,105.366
id18101,building,238,False,False,98.20118636328695,112.583,100.6
id18101,building,239,False,False,104.94066624425956,112.583,102.933
id18101,building,131,False,False,101.20813418521004,112.583,96.457
id18101,building,132,False,False,96.36307439924502,112.583,99.82
id18101,building,107,False,False,115.8267805439956,112.583,96.417
id18101,building,108,False,False,121.4214163065093,112.583,99.078
id18101,building,130,False,False,115.1103847800514,112.583,94.705
id18101,building,241,False,False,118.40370588142872,112.583,102.483
id18101,building,243,False,False,124.94736067388718,112.583,102.382
id18101,building,244,False,False,131.60394161330342,112.583,100.712
id18101,building,245,False,False,129.07078452772924,112.583,99.899
id18101,building,128,False,False,125.23784219898826,112.583,95.078
id18101,building,129,False,False,124.54085742121696,112.583,97.362
id18101,building,111,False,False,135.08082373003157,112.583,93.115
id18101,building,123,False,False,148.00246756856177,112.583,92.157
id18101,building,246,False,False,135.07319632589957,112.583,101.051
id18101,building,250,False,False,162.8358201544237,112.583,102.029
id18101,building,247,False,False,147.1814939486035,112.583,98.793
id18101,building,252,False,False,152.430317988283,112.583,99.55
id18101,building,122,False,False,155.07990137779112,112.583,95.235
id18101,building,121,False,False,163.0668663023885,112.583,90.773
id18101,building,119,False,False,164.63790880005848,112.583,92.943
id18101,building,253,False,False,173.51041143420665,112.583,97.681
id18101,building,255,False,False,182.01074638165798,112.583,96.161
id18101,building,87,False,False,180.18135713235125,112.583,88.192
id18101,building,85,False,False,183.96345900898328,112.583,87.976
id18101,building,84,False,False,179.37009311760613,112.583,89.933
id18101,building,114,False,False,142.2399604216099,112.583,91.946
id18101,building,97,False,False,141.6381833121094,112.583,98.114
id18101,building,96,False,False,146.55288936268929,112.583,94.936
id18101,building,95,False,False,149.43006455832767,112.583,93.797
id18101,building,92,False,False,153.75964644546121,112.583,96.175
id18101,building,90,False,False,155.09380515930425,112.583,91.813
id18101,building,117,False,False,159.29817444892666,112.583,90.928
id18101,building,118,False,False,164.86252528553214,112.583,90.925
id18101,building,88,False,False,166.67121320707219,112.583,92.096
id18101,building,89,False,False,164.39817853981666,112.583,94.769
id18101,building,94,False,False,166.40933651335985,112.583,96.013
id18101,building,80,False,False,180.72617148803877,112.583,100.507
id18101,building,69,False,False,198.32570691370626,112.583,99.86
id18101,building,73,False,False,189.7036155063495,112.583,100.599
id18101,building,76,False,False,182.02895776561505,112.583,99.356
id18101,building,77,False,False,187.15433378807072,112.583,103.402
id18101,building,70,False,False,202.14178616588725,112.583,99.773
id18101,building,71,False,False,204.05038646018056,112.583,100.715
id18101,building,72,False,False,196.6224536673688,112.583,99.647
id18101,building,74,False,False,202.92356709848332,112.583,101.002
id18101,building,75,False,False,196.8381241772157,112.583,104.259
id18101,building,79,False,False,199.5776834924,112.583,98.323
id18101,building,78,False,False,192.19210169993667,112.583,98.493
id18101,building,81,False,False,196.08739263145478,112.583,96.984
id18101,building,82,False,False,210.46412844170584,112.583,93.83
id18101,building,83,False,False,189.77521224906695,112.583,93.398
id18101,building,258,False,False,200.7887029181422,112.583,92.629
id18101,building,259,False,False,206.35599207742695,112.583,95.705
id18101,building,260,False,False,200.70076361349172,112.583,95.289
id18101,building,137,False,False,95.32925761572149,112.583,99.766
id18101,building,135,False,False,100.6298843039616,112.583,100.105
id18101,building,136,False,False,98.2241097032309,112.583,99.95
id18101,building,102,False,False,119.30644701840457,112.583,105.096
id18101,building,100,False,False,122.87917448611225,112.583,104.406
id18101,building,99,False,False,123.00117813245016,112.583,103.2
id18101,building,14,False,False,111.87195430104184,112.583,116.801
id18101,building,106,False,False,111.412101486704,112.583,97.119
id18101,building,109,False,False,124.72661056391942,112.583,94.975
id18101,building,16,False,False,109.86080347883478,112.583,123.721
id18101,building,18,False,False,102.50118264819825,112.583,118.824
id18101,building,240,False,False,111.35885640404582,112.583,102.069
id18101,building,242,False,False,115.95308742788335,112.583,102.218
id18101,building,31,False,False,89.67663716860146,112.583,123.654
id18101,building,29,False,False,75.13841796347307,112.583,124.499
id18101,building,23,False,False,79.42889618737436,112.583,123.603
id18101,building,25,False,False,65.08150535218002,112.583,121.138
id18101,building,34,False,False,79.98567236219344,112.583,114.909
id18101,building,32,False,False,82.44794022683286,112.583,121.293
id18101,building,110,False,False,130.3525855921402,112.583,96.988
id18101,building,127,False,False,132.2813759768517,112.583,97.764
id18101,building,126,False,False,136.9954034131942,112.583,96.266
id18101,building,125,False,False,141.68781796896565,112.583,95.681
id18101,building,124,False,False,144.9532839050332,112.583,95.466
id18101,building,27,False,False,59.21804109245051,112.583,119.345
id18101,building,38,False,False,45.29840691191566,112.583,119.456
id18101,building,26,False,False,53.44121555121216,112.583,119.654
id18101,building,39,False,False,41.426219878032605,112.583,120.226
id18101,building,248,False,False,137.70259379107273,112.583,100.768
id18101,building,249,False,False,157.78610048209836,112.583,98.743
id18101,building,251,False,False,165.64216297587274,112.583,98.509
id18101,building,53,False,False,62.41454980746169,112.583,108.929
id18101,building,54,False,False,66.54517382118823,112.583,106.316
id18101,building,120,False,False,167.77357098759018,112.583,90.365
id18101,building,254,False,False,179.22697828405896,112.583,101.107
id18101,building,256,False,False,185.84249128423966,112.583,93.597
id18101,building,86,False,False,187.86818075073066,112.583,87.155
id18101,building,112,False,False,136.78714818174407,112.583,92.728
id18101,building,113,False,False,138.71534929037932,112.583,92.648
id18101,building,42,False,False,70.8771516434386,112.583,115.146
id18101,building,93,False,False,156.47880892382997,112.583,97.803
id18101,building,91,False,False,156.78627025296052,112.583,91.077
id18101,building,204,False,False,62.149062282763595,112.583,106.07
id18101,building,206,False,True,63.07591245796532,112.583,110.339
id18101,building,115,False,False,149.28657686861126,112.583,91.445
id18101,building,116,False,False,154.95328793792578,112.583,94.037
id18101,building,261,False,False,205.55026123505493,112.583,95.362
id18101,building,262,False,False,211.80851229170307,112.583,94.682
id18101,building,263,False,False,218.34569093428397,112.583,93.51
id18101,building,257,False,False,197.30091568698438,112.583,91.384
id18101,building,202,False,False,52.1302737932708,112.583,106.542
id18101,building,60,False,False,99.99428064206472,112.583,107.52
id18101,building,139,False,False,94.74961693945538,112.583,100.306
id18101,building,140,False,False,98.77701302752006,112.583,103.645
id18101,building,147,False,False,84.61987453462959,112.583,104.376
id18101,building,143,False,False,80.00863889358465,112.583,98.683
id18101,building,151,False,False,63.462097022323505,112.583,104.225
id18101,building,153,False,False,56.55115236863459,112.583,104.199
id18101,building,154,False,False,62.72270760746416,112.583,103.503
id18101,building,155,False,False,54.22200813579889,112.583,104.377
id18101,building,156,False,False,53.282548811629376,112.583,108.194
id18101,building,157,False,False,52.60993528115566,112.583,107.162
id18101,building,159,False,False,50.02525239103172,112.583,107.781
id18101,building,160,False,False,49.934902667865586,112.583,105.225
id18101,building,161,False,False,50.23084176254412,112.583,106.236
id18101,building,162,False,False,50.841941773277725,112.583,110.894
id18101,building,163,False,False,51.59043017573382,112.583,107.044
id18101,building,164,False,False,52.507911526268714,112.583,106.701
id18101,building,166,False,False,21.698773679770575,112.583,114.788
id18101,building,168,False,False,16.180630487224782,112.583,114.562
id18101,building,174,False,False,20.021528197387724,112.583,116.486
id18101,building,175,False,True,12.356079879601243,112.583,117.494
id18101,building,181,False,True,2.027206358464475,112.583,112.111
id18101,building,182,False,False,12.057634884646651,112.583,112.098
id18101,building,186,False,False,17.418499522134894,112.583,111.737
id18101,building,187,False,False,19.112722777944825,112.583,114.637
id18101,building,189,False,False,26.83657326197886,112.583,110.456
id18101,building,191,False,False,31.617202572991363,112.583,110.072
id18101,building,192,False,False,35.286933924769066,112.583,109.752
id18101,building,196,False,False,49.881710923144794,112.583,108.584
id18101,building,195,False,False,46.664364371582494,112.583,106.078
id18101,building,193,False,False,39.096182913694946,112.583,107.583
id18101,building,201,False,False,75.7490809988403,112.583,101.628
id18101,building,224,False,False,59.887866146787395,112.583,104.845
id18101,building,222,False,False,52.6981961785884,112.583,108.949
id18101,building,225,False,False,42.996995207593976,112.583,106.803
id18101,building,227,False,False,51.38248810495941,112.583,105.334
id18002,building,1,False,False,223.75518840720267,112.132,122.741
id18002,building,4,False,False,208.2513375813684,112.132,124.294
id18002,building,3,False,False,208.17192445617795,112.132,124.169
id18002,building,2,False,False,209.51125957243468,112.132,122.57
id18002,building,5,False,False,196.68282326168512,112.132,122.476
id18002,building,6,False,False,191.47181182387794,112.132,125.328
id18002,building,7,False,False,185.50425779180893,112.132,125.192
id18002,building,8,False,False,179.09838821581516,112.132,122.898
id18002,building,12,False,False,133.59604165506903,112.132,119.11
id18002,building,13,False,False,120.20744504569271,112.132,117.496
id18002,building,11,False,False,117.2118796907445,112.132,127.861
id18002,building,10,False,False,124.305935507313,112.132,127.55
id18002,building,9,False,False,124.00247043516389,112.132,124.941
id18002,building,15,False,False,113.11414313816711,112.132,123.164
id18002,building,17,False,False,94.25367609170469,112.132,124.327
id18002,building,21,False,False,78.27128326957192,112.132,122.809
id18002,building,24,False,False,71.31551867981,112.132,123.043
id18002,building,22,False,False,75.29351761120938,112.132,125.993
id18002,building,30,False,False,79.9565122470831,112.132,122.736
id18002,building,33,False,False,90.20299909241727,112.132,118.58
id18002,building,35,False,False,82.68056786787646,112.132,116.247
id18002,building,28,False,False,76.24645071386958,112.132,118.89
id18002,building,37,False,False,57.029698401166115,112.132,120.254
id18002,building,36,False,False,68.11965839893006,112.132,117.923
id18002,building,41,False,False,51.974857198641,112.132,117.251
id18002,building,40,False,False,42.96370033896809,112.132,117.157
id18002,building,49,False,False,78.4880739628894,112.132,112.929
id18002,building,50,False,False,101.42936117619837,112.132,109.271
id18002,building,51,False,False,96.58371612498125,112.132,108.456
id18002,building,52,False,False,97.61139313049638,112.132,110.037
id18002,building,55,False,False,89.48849176732229,112.132,109.679
id18002,building,47,False,False,65.78917917031104,112.132,110.213
id18002,building,48,False,False,74.3987289305805,112.132,112.604
id18002,building,169,False,False,50.22797326030094,112.132,112.357
id18002,building,19,False,False,72.63375641876073,112.132,118.794
id18002,building,20,False,False,67.22743656067553,112.132,117.316
id18002,building,43,False,True,51.293825393818025,112.132,118.841
id18002,building,45,False,False,35.1532200706384,112.132,116.907
id18002,building,44,False,True,34.64390947607767,112.132,115.638
id18002,building,46,False,True,29.486781291073182,112.132,117.63
id18002,building,207,False,False,111.68234434656887,112.132,105.381
id18002,building,205,False,False,91.64920326630973,112.132,105.893
id18002,building,203,False,False,79.90446504837158,112.132,107.109
id18002,building,208,False,False,74.2224441814345,112.132,107.46
id18002,building,210,False,False,70.25239008752655,112.132,107.24
id18002,building,212,False,False,54.93461766882085,112.132,109.264
id18002,building,209,False,False,54.69549147656564,112.132,109.254
id18002,building,211,False,False,81.54955671030048,112.132,106.477
id18002,building,215,False,False,66.56522403930012,112.132,107.747
id18002,building,216,False,False,71.86301012520597,112.132,109.772
id18002,building,217,False,False,79.17175108516061,112.132,106.449
id18002,building,218,False,False,65.60042233332648,112.132,106.289
id18002,building,214,False,False,55.34578099465398,112.132,111.817
id18002,building,213,False,False,51.34273368082237,112.132,114.194
id18002,building,190,False,False,39.65302538714494,112.132,110.806
id18002,building,180,False,True,12.13059192580197,112.132,111.395
id18002,building,188,False,False,32.35965214114981,112.132,115.842
id18002,building,184,False,False,28.10892654670882,112.132,111.935
id18002,building,183,False,True,28.377461008897452,112.132,117.291
id18002,building,179,False,True,24.045703038156027,112.132,115.337
id18002,building,177,False,True,6.29660542872072,112.132,112.177
id18002,building,178,False,True,13.100822739285976,112.132,113.123
id18002,building,176,False,True,17.52684853343237,112.132,112.933
id18002,building,172,False,False,16.419713458957478,112.132,113.921
id18002,building,171,False,False,15.679562512433437,112.132,118.25
id18002,building,173,False,False,14.762918283379806,112.132,113.558
id18002,building,170,False,False,22.01512272474885,112.132,114.437
id18002,building,167,False,False,33.59903434102859,112.132,114.715
id18002,building,185,False,False,34.45136363124564,112.132,112.022
id18002,building,165,False,False,18.04897291670172,112.132,106.219
id18002,building,158,False,True,27.17187355744391,112.132,104.322
id18002,building,152,False,False,42.0054525349562,112.132,104.689
id18002,building,150,False,False,49.15024981398629,112.132,102.744
id18002,building,194,False,False,43.90019375148151,112.132,110.588
id18002,building,198,False,False,58.9371967612294,112.132,105.657
id18002,building,197,False,False,47.057958516304424,112.132,108.086
id18002,building,226,False,False,62.13680420080316,112.132,107.197
id18002,building,219,False,False,68.48936803563619,112.132,106.085
id18002,building,223,False,False,74.3130450919055,112.132,105.31
id18002,building,220,False,False,81.33898183062814,112.132,105.283
id18002,building,221,False,False,79.91644266942532,112.132,108.097
id18002,building,228,False,False,75.57215684390128,112.132,104.037
id18002,building,229,False,False,77.34122617168256,112.132,103.109
id18002,building,230,False,False,81.23352698383275,112.132,102.492
id18002,building,199,False,False,74.29338697809764,112.132,106.457
id18002,building,200,False,False,89.1876249050521,112.132,101.309
id18002,building,237,False,False,88.1213980279086,112.132,99.033
id18002,building,149,False,False,61.865669181252805,112.132,100.254
id18002,building,133,False,False,79.15554850212894,112.132,97.803
id18002,building,144,False,False,73.71792419119787,112.132,98.379
id18002,building,142,False,False,75.55729046589458,112.132,98.202
id18002,building,148,False,False,61.900653812511884,112.132,99.122
id18002,building,62,False,False,83.99347930105657,112.132,105.754
id18002,building,56,False,False,54.77322340652241,112.132,105.701
id18002,building,57,False,False,57.88226211451217,112.132,104.345
id18002,building,58,False,False,67.6449211754288,112.132,104.627
id18002,building,59,False,True,72.10979690688175,112.132,104.383
id18002,building,61,False,True,80.15177610256033,112.132,104.735
id18002,building,63,False,False,87.19492221451884,112.132,105.349
id18002,building,65,False,False,99.32464630074291,112.132,106.386
id18002,building,66,False,True,112.57425926365867,112.132,112.124
id18002,building,67,False,False,118.42931542552411,112.132,102.091
id18002,building,68,False,False,123.53399538957902,112.132,100.183
id18002,building,98,False,False,120.98386759639929,112.132,99.512
id18002,building,64,True,True,81.58030838420933,112.132,106.836
id18002,building,141,False,False,74.43461514748651,112.132,99.95
id18002,building,145,False,False,66.6378826549027,112.132,102.066
id18002,building,146,False,False,70.29444336416113,112.132,102.108
id18002,building,234,False,False,116.54647156997213,112.132,100.44
id18002,building,231,False,False,88.37449955044508,112.132,102.698
id18002,building,236,False,False,94.75335450511456,112.132,102.748
id18002,building,232,False,False,95.97682310149936,112.132,102.209
id18002,building,233,False,False,106.32711188517203,112.132,101.397
id18002,building,235,False,False,117.77108826248251,112.132,100.235
id18002,building,134,False,False,94.86090555581497,112.132,97.552
id18002,building,138,False,False,82.69916205296643,112.132,97.571
id18002,building,105,False,False,100.63363256744124,112.132,98.94
id18002,building,103,False,False,95.53404018500729,112.132,101.495
id18002,building,104,False,False,98.49341209419927,112.132,100.406
id18002,building,101,False,False,102.77451493586783,112.132,105.366
id18002,building,238,False,False,100.449491944951,112.132,100.6
id18002,building,239,False,False,106.1211951576843,112.132,102.933
id18002,building,131,False,False,99.26411540143727,112.132,96.457
id18002,building,132,False,False,94.20460435586723,112.132,99.82
id18002,building,107,False,False,108.19556890111166,112.132,96.417
id18002,building,108,False,False,113.15975303867673,112.132,99.078
id18002,building,130,False,False,110.93002074605532,112.132,94.705
id18002,building,241,False,False,120.69832224238803,112.132,102.483
id18002,building,243,False,False,126.84544918958494,112.132,102.382
id18002,building,244,False,False,133.3597683424096,112.132,100.712
id18002,building,245,False,False,128.88501146201162,112.132,99.899
id18002,building,128,False,False,122.75088632105323,112.132,95.078
id18002,building,129,False,False,120.17357789715285,112.132,97.362
id18002,building,111,False,False,127.68740129080447,112.132,93.115
id18002,building,123,False,False,142.6970839580448,112.132,92.157
id18002,building,246,False,False,134.4296279025431,112.132,101.051
id18002,building,250,False,False,161.80069570491912,112.132,102.029
id18002,building,247,False,False,146.3705338116834,112.132,98.793
id18002,building,252,False,False,152.92830821084524,112.132,99.55
id18002,building,122,False,False,149.61738531090765,112.132,95.235
id18002,building,121,False,False,157.59837574615622,112.132,90.773
id18002,building,119,False,False,160.43361987496584,112.132,92.943
id18002,building,253,False,False,171.68768872881756,112.132,97.681
id18002,building,255,False,False,179.1981822576953,112.132,96.161
id18002,building,87,False,False,173.97523865458967,112.132,88.192
id18002,building,85,False,False,175.9671881525501,112.132,87.976
id18002,building,84,False,False,169.4012579322601,112.132,89.933
id18002,building,114,False,False,132.05348450696366,112.132,91.946
id18002,building,97,False,False,127.55157225121971,112.132,98.114
id18002,building,96,False,False,132.34328194855703,112.132,94.936
id18002,building,95,False,False,135.8547188046465,112.132,93.797
id18002,building,92,False,False,140.62860779661847,112.132,96.175
id18002,building,90,False,False,143.56079862847457,112.132,91.813
id18002,building,117,False,False,151.36617927455126,112.132,90.928
id18002,building,118,False,False,157.282932566385,112.132,90.925
id18002,building,88,False,False,154.7911104071046,112.132,92.096
id18002,building,89,False,False,150.50800625101067,112.132,94.769
id18002,building,94,False,False,150.72211462557917,112.132,96.013
id18002,building,80,False,False,165.1659811576373,112.132,100.507
id18002,building,69,False,False,176.83057675770524,112.132,99.86
id18002,building,73,False,False,169.71292670843025,112.132,100.599
id18002,building,76,False,True,163.04859740141723,112.132,99.356
id18002,building,77,False,False,169.37475774026947,112.132,103.402
id18002,building,70,False,False,181.7827906066616,112.132,99.773
id18002,building,71,False,False,184.57105912594037,112.132,100.715
id18002,building,72,False,False,177.3278988212734,112.132,99.647
id18002,building,74,False,False,184.5978743722073,112.132,101.002
id18002,building,75,False,True,178.68450325803468,112.132,104.259
id18002,building,79,False,False,182.80012145728935,112.132,98.323
id18002,building,78,False,False,175.6490338437707,112.132,98.493
id18002,building,81,False,False,180.59211774142648,112.132,96.984
id18002,building,82,False,False,193.76049279467472,112.132,93.83
id18002,building,83,False,False,176.33677172108744,112.132,93.398
id18002,building,258,False,False,197.99609289249238,112.132,92.629
id18002,building,259,False,False,204.36275275535237,112.132,95.705
id18002,building,260,False,False,199.6434514648763,112.132,95.289
id18002,building,137,False,False,86.68041381968611,112.132,99.766
id18002,building,135,False,False,92.32316345674013,112.132,100.105
id18002,building,136,False,False,89.81837085878635,112.132,99.95
id18002,building,102,False,False,101.49273051040791,112.132,105.096
id18002,building,100,False,True,103.42354542052112,112.132,104.406
id18002,building,99,False,False,103.10700174233422,112.132,103.2
id18002,building,14,False,False,125.41585264621223,112.132,116.801
id18002,building,106,False,False,103.07850496191615,112.132,97.119
id18002,building,109,False,False,116.49636295503191,112.132,94.975
id18002,building,16,False,False,98.63806795440742,112.132,123.721
id18002,building,18,False,False,89.59135934667995,112.132,118.824
id18002,building,240,False,False,114.25785653148681,112.132,102.069
id18002,building,242,False,False,119.73601946344881,112.132,102.218
id18002,building,31,False,False,88.08148115590626,112.132,123.654
id18002,building,29,False,False,78.6372437034688,112.132,124.499
id18002,building,23,False,False,78.92569939090866,112.132,123.603
id18002,building,25,False,False,69.78538715713218,112.132,121.138
id18002,building,34,False,False,93.71758413662126,112.132,114.909
id18002,building,32,False,False,87.13168333711957,112.132,121.293
id18002,building,110,False,False,122.30149373422624,112.132,96.988
id18002,building,127,False,False,127.62841134998307,112.132,97.764
id18002,building,126,False,False,132.13671777848737,112.132,96.266
id18002,building,125,False,False,136.49263777183148,112.132,95.681
id18002,building,124,False,False,139.67418675766115,112.132,95.466
id18002,building,27,False,False,67.64766670179615,112.132,119.345
id18002,building,38,False,False,54.026303046450295,112.132,119.456
id18002,building,26,False,False,61.81524715785608,112.132,119.654
id18002,building,39,False,True,49.624945027279644,112.132,120.226
id18002,building,248,False,False,138.80157658213005,112.132,100.768
id18002,building,249,False,False,156.53968932800137,112.132,98.743
id18002,building,251,False,False,164.47856991818477,112.132,98.509
id18002,building,53,False,False,89.4509946203005,112.132,108.929
id18002,building,54,False,False,94.625331138794,112.132,106.316
id18002,building,120,False,False,162.18890101424924,112.132,90.365
id18002,building,254,False,False,177.1270659475327,112.132,101.107
id18002,building,256,False,False,182.73527914468787,112.132,93.597
id18002,building,86,False,False,179.82699798819874,112.132,87.155
id18002,building,112,False,False,126.35593757704036,112.132,92.728
id18002,building,113,False,False,128.41724953799493,112.132,92.648
id18002,building,42,False,False,53.61793606218211,112.132,115.146
id18002,building,93,False,False,142.5097407581353,112.132,97.803
id18002,building,91,False,False,146.72712725186895,112.132,91.077
id18002,building,204,False,False,91.56984023185655,112.132,106.07
id18002,building,206,False,False,92.78244872838583,112.132,110.339
id18002,building,115,False,False,141.71599466630602,112.132,91.445
id18002,building,116,False,False,147.03171040948556,112.132,94.037
id18002,building,261,False,False,204.8732894972635,112.132,95.362
id18002,building,262,False,False,211.86583917466538,112.132,94.682
id18002,building,263,False,False,218.94190275215266,112.132,93.51
id18002,building,257,False,False,193.82885770110906,112.132,91.384
id18002,building,202,False,False,81.54109201355854,112.132,106.542
id18002,building,60,False,True,75.25699239351854,112.132,107.52
id18002,building,139,False,False,81.13616677754781,112.132,100.306
id18002,building,140,False,False,83.05811381124786,112.132,103.645
id18002,building,147,False,False,66.39439515023538,112.132,104.376
id18002,building,143,False,False,68.21045736343261,112.132,98.683
id18002,building,151,False,False,44.14162728108354,112.132,104.225
id18002,building,153,False,False,40.51061877853851,112.132,104.199
id18002,building,154,False,False,40.585969622269886,112.132,103.503
id18002,building,155,False,False,35.06573918372759,112.132,104.377
id18002,building,156,False,False,32.85915871036629,112.132,108.194
id18002,building,157,False,False,30.916094669177205,112.132,107.162
id18002,building,159,True,True,24.074186644908234,112.132,107.781
id18002,building,160,False,True,22.525262820434442,112.132,105.225
id18002,building,161,False,True,21.55738790295004,112.132,106.236
id18002,building,162,True,True,21.4338292945389,112.132,110.894
id18002,building,163,False,True,21.864301987294706,112.132,107.044
id18002,building,164,False,True,22.758846673882974,112.132,106.701
id18002,building,166,False,False,31.74680425123034,112.132,114.788
id18002,building,168,False,False,36.09907076014222,112.132,114.562
id18002,building,174,False,False,12.772217430813955,112.132,116.486
id18002,building,175,False,False,18.33673585855145,112.132,117.494
id18002,building,181,False,False,29.63209187361415,112.132,112.111
id18002,building,182,False,False,22.852833845913967,112.132,112.098
id18002,building,186,False,False,32.274998135077134,112.132,111.737
id18002,building,187,False,False,30.522047843692757,112.132,114.637
id18002,building,189,False,False,35.880025056098944,112.132,110.456
id18002,building,191,False,False,34.62760881069734,112.132,110.072
id18002,building,192,False,False,39.19983735752149,112.132,109.752
id18002,building,196,False,False,50.105143324049756,112.132,108.584
id18002,building,195,False,False,47.840975512936986,112.132,106.078
id18002,building,193,False,False,41.238600481060395,112.132,107.583
id18002,building,201,False,False,79.9052704843451,112.132,101.628
id18002,building,224,False,False,76.6364201307538,112.132,104.845
id18002,building,222,False,False,71.2333897413373,112.132,108.949
id18002,building,225,False,False,60.073255453918264,112.132,106.803
id18002,building,227,False,False,64.01256646212435,112.132,105.334
id8001,observer,id18001,False,False,162.70014817202943,97.712,112.684
id8001,observer,id18101,False,False,176.55013972944872,97.712,112.583
id8001,observer,id18002,False,False,161.4566715025748,97.712,112.132
id18001,observer,id8001,False,False,162.70014817202943,112.684,97.712
id18001,observer,id18101,False,False,26.269429575997737,112.684,112.583
id18001,observer,id18002,True,True,3.52269318133975,112.684,112.132
id18101,observer,id8001,False,False,176.55013972944872,112.583,97.712
id18101,observer,id18001,False,False,26.269429575997737,112.583,112.684
id18101,observer,id18002,False,False,29.770815484647983,112.583,112.132
id18002,observer,id8001,False,False,161.4566715025748,112.132,97.712
id18002,observer,id18001,True,True,3.52269318133975,112.132,112.684
id18002,observer,id18101,False,False,29.770815484647983,112.132,112.583
