ID,entrance_direction,direction_source,direction_page,doors,windows,niches,apses,wall_thickness_m,thickness_source,thickness_conf,has_dome,dome_source,painted_scenes,painting_anchor_rows,modelled
1,S,report,93,1,0,0,0,0.35,cad,high,True,fallback,0,0,yes
2,S,report,93,1,0,0,0,0.17,report_type,med,False,,0,0,yes
3,S,report,94,1,0,0,0,0.17,report_type,med,False,,0,0,yes
4,S,report,94,1,0,0,0,0.315,type_cad,low,True,ortho,0,0,yes
5,S,report,94,1,0,0,0,0.17,report_type,med,False,,0,0,yes
6,S,xlsx,,1,0,0,0,0.17,report_type,med,False,,0,0,yes
7,S,report,105,1,0,8,0,0.315,type_cad,low,True,ortho,0,0,yes
8,S,xlsx,,1,0,0,0,0.17,report_type,med,False,,0,0,yes
9,S,report,106,1,0,3,0,0.405,type_cad,low,False,,0,0,yes
10,,,,0,0,0,0,0.39,site_default,low,False,,0,0,no
11,,,,0,0,0,0,0.17,report_type,med,False,,0,0,no
12,,,,0,0,0,0,0.17,report_type,med,False,,0,0,no
13,,,,0,0,0,0,0.17,report_type,med,False,,0,0,no
14,,,,0,0,0,0,0.17,report_type,med,False,,0,0,no
15,,,,0,0,0,0,0.17,report_type,med,False,,0,0,no
16,,,,0,0,0,0,0.315,type_cad,low,True,ortho,0,0,no
17,,,,0,0,0,0,0.315,type_cad,low,True,ortho,0,0,no
18,E,report,112,1,0,0,0,0.17,report_type,med,False,,0,0,yes
19,E,report,101,1,2,0,0,0.315,type_cad,low,True,ortho,0,0,yes
20,S,report,101,1,6,5,0,0.315,type_cad,low,True,ortho,0,0,yes
21,S,report,114,1,2,0,0,0.315,type_cad,low,True,ortho,0,0,yes
22,,,,0,0,0,0,0.17,report_type,med,False,,0,0,no
23,,,,1,0,1,0,0.39,cad,high,False,,0,0,yes
24,,,,1,1,1,0,0.405,type_cad,low,False,,0,0,yes
25,,,,1,0,3,0,0.42,cad,high,False,,0,0,yes
26,W,report,107,1,0,0,0,0.315,type_cad,low,True,fallback,0,0,yes
27,W,report,107,1,3,1,0,0.17,report_type,med,False,,0,0,yes
28,W,report,107,1,0,0,0,0.17,report_type,med,False,,0,0,yes
29,S,report,120,1,3,1,0,0.315,type_cad,low,True,ortho,0,0,yes
30,S,report,39,1,0,1,0,0.315,type_cad,low,True,ortho,17,26,yes
31,S,report,120,1,0,0,0,0.39,site_default,low,False,,0,0,yes
32,W,report,120,1,0,0,0,0.17,report_type,med,False,,0,0,yes
33,S,report,120,1,0,0,0,0.17,report_type,med,False,,0,0,yes
34,E,report,120,1,0,0,0,0.17,report_type,med,False,,0,0,yes
35,S,report,121,1,0,0,0,0.17,report_type,med,False,,0,0,yes
36,W,report,121,1,0,0,0,0.17,report_type,med,False,,0,0,yes
37,W,report,121,1,0,2,0,0.39,site_default,low,True,ortho,0,0,yes
38,W,report,121,1,0,1,0,0.17,report_type,med,False,,0,0,yes
39,,,,0,0,0,0,0.39,site_default,low,False,,0,0,no
40,W,report,121,1,0,0,0,0.17,report_type,med,False,,0,0,yes
41,W,report,122,1,6,1,0,0.315,type_cad,low,True,ortho,0,0,yes
42,S,report,122,1,0,0,0,0.315,type_cad,low,True,fallback,0,0,yes
43,,,,0,0,0,0,0.17,report_type,med,False,,0,0,no
44,S,report,122,1,0,0,0,0.17,report_type,med,False,,0,0,yes
45,E,report,122,1,0,0,0,0.315,type_cad,low,True,ortho,0,0,yes
46,E,report,111,1,0,0,0,0.39,site_default,low,False,,0,0,yes
47,S,report,111,1,0,0,0,0.17,report_type,med,False,,0,0,yes
48,,,,0,0,0,0,0.39,site_default,low,False,,0,0,no
49,E,report,124,1,0,3,0,0.315,type_cad,low,True,ortho,0,0,yes
50,W,report,124,1,0,1,0,0.315,type_cad,low,True,ortho,0,0,yes
51,S,report,125,1,0,0,0,0.17,report_type,med,False,,0,0,yes
52,W,report,125,1,0,2,0,0.39,site_default,low,True,ortho,0,0,yes
53,S,report,125,1,0,2,0,0.315,type_cad,low,True,ortho,0,0,yes
54,W,report,126,1,0,0,0,0.39,site_default,low,False,,0,0,yes
55,,,,0,0,0,0,0.17,report_type,med,False,,0,0,no
56,E,report,126,1,0,0,0,0.315,type_cad,low,True,ortho,0,0,yes
57,S,report,115,1,0,3,0,0.315,type_cad,low,True,fallback,0,0,yes
58,E,report,115,1,0,0,0,0.315,type_cad,low,True,ortho,0,0,yes
59,E,report,115,1,1,1,0,0.315,type_cad,low,True,ortho,0,0,yes
60,,,,0,0,0,0,0.17,report_type,med,False,,0,0,no
61,E,report,116,1,0,4,0,0.17,report_type,med,False,,0,0,yes
62,S,report,116,1,0,2,0,0.39,site_default,low,True,ortho,0,0,yes
63,W,report,116,1,0,0,0,0.17,report_type,med,False,,0,0,yes
64,,,,0,0,0,0,0.17,report_type,med,False,,0,0,no
65,W,report,117,1,1,4,0,0.315,type_cad,low,True,ortho,0,0,yes
66,,,,0,2,0,3,0.315,type_cad,low,True,ortho,0,0,yes
67,E,report,117,1,0,0,0,0.17,report_type,med,False,,0,0,yes
68,S,report,117,1,0,1,0,0.17,report_type,med,False,,0,0,yes
69,S,report,117,1,0,0,0,0.39,site_default,low,True,ortho,0,0,yes
70,S,report,119,1,0,0,0,0.315,type_cad,low,True,ortho,0,0,yes
71,S,report,119,1,0,0,0,0.315,type_cad,low,True,ortho,0,0,yes
72,S,report,119,1,0,0,0,0.315,type_cad,low,True,fallback,0,0,yes
73,S,report,119,1,0,2,0,0.315,type_cad,low,True,ortho,0,0,yes
74,S,report,119,1,0,2,0,0.315,type_cad,low,True,ortho,0,0,yes
75,,,,0,0,0,0,0.315,type_cad,low,True,ortho,0,0,no
76,S,report,121,1,0,0,0,0.17,report_type,med,False,,0,0,yes
77,,,,0,0,0,0,0.315,type_cad,low,True,ortho,0,0,no
78,S,report,121,1,6,2,0,0.39,site_default,low,True,ortho,0,0,yes
79,S,report,121,1,0,0,0,0.17,report_type,med,False,,0,0,yes
80,,,,0,0,0,0,0.315,type_cad,low,True,ortho,10,12,no
81,S,report,134,1,3,0,0,0.315,type_cad,low,True,ortho,0,0,yes
82,S,report,134,1,0,0,0,0.315,type_cad,low,True,fallback,0,0,yes
83,E,report,134,1,0,0,0,0.39,site_default,low,False,,0,0,yes
84,S,report,134,1,2,2,0,0.315,type_cad,low,True,fallback,0,0,yes
85,E,report,134,1,0,0,0,0.17,report_type,med,False,,0,0,yes
86,E,report,134,1,0,0,0,0.39,site_default,low,False,,0,0,yes
87,W,report,134,1,0,0,0,0.39,site_default,low,False,,0,0,yes
88,E,report,134,1,3,0,0,0.39,site_default,low,True,ortho,0,0,yes
89,E,report,137,1,0,4,0,0.315,type_cad,low,True,ortho,0,0,yes
90,S,report,137,1,0,1,1,0.39,site_default,low,True,ortho,0,0,yes
91,S,report,137,1,0,1,0,0.315,type_cad,low,True,ortho,0,0,yes
92,,,,0,0,0,0,0.17,report_type,med,False,,0,0,no
93,,,,0,0,0,0,0.17,report_type,med,False,,0,0,no
94,S,report,138,1,0,5,0,0.315,type_cad,low,True,ortho,0,0,yes
95,E,report,138,1,0,0,0,0.17,report_type,med,False,,0,0,yes
96,E,report,139,1,0,3,0,0.315,type_cad,low,True,fallback,0,0,yes
97,,,,0,0,0,0,0.17,report_type,med,False,,0,0,no
98,,,,0,0,0,0,0.17,report_type,med,False,,0,0,no
99,,,,0,0,0,0,0.17,report_type,med,False,,0,0,no
100,,,,0,0,0,0,0.39,site_default,low,False,,0,0,no
101,,,,0,0,0,0,0.17,report_type,med,False,,0,0,no
102,,,,0,0,0,0,0.17,report_type,med,False,,0,0,no
103,S,report,139,1,0,0,0,0.17,report_type,med,False,,0,0,yes
104,W,report,140,1,0,0,0,0.39,site_default,low,False,,0,0,yes
105,S,report,140,1,0,0,0,0.315,type_cad,low,True,ortho,0,0,yes
106,E,report,140,1,0,0,0,0.17,report_type,med,False,,0,0,yes
107,E,report,140,1,2,1,0,0.39,site_default,low,True,ortho,0,0,yes
108,,,,0,0,0,0,0.17,report_type,med,False,,0,0,no
109,E,report,140,1,0,1,0,0.315,type_cad,low,True,ortho,0,0,yes
110,,,,0,0,0,0,0.17,report_type,med,False,,0,0,no
111,S,report,141,1,6,3,0,0.405,type_cad,low,False,,0,0,yes
112,E,report,141,1,0,0,0,0.315,type_cad,low,True,fallback,0,0,yes
113,E,report,141,1,0,2,0,0.315,type_cad,low,True,fallback,0,0,yes
114,E,report,141,1,3,3,0,0.315,type_cad,low,True,ortho,0,0,yes
115,E,report,141,1,0,0,0,0.39,site_default,low,True,ortho,0,0,yes
116,,,,0,0,0,0,0.17,report_type,med,False,,0,0,no
117,E,report,129,1,0,0,0,0.17,report_type,med,False,,0,0,yes
118,S,report,143,1,0,2,0,0.39,site_default,low,True,ortho,0,0,yes
119,W,report,143,1,0,0,0,0.17,report_type,med,False,,0,0,yes
120,W,report,143,1,0,0,0,0.39,site_default,low,False,,0,0,yes
121,W,report,143,1,0,1,0,0.315,type_cad,low,True,fallback,0,0,yes
122,,,,0,0,0,0,0.315,type_cad,low,True,fallback,0,0,no
123,W,report,143,1,0,0,0,0.17,report_type,med,False,,0,0,yes
124,,,,0,0,0,0,0.17,report_type,med,False,,0,0,no
125,,,,0,0,0,0,0.17,report_type,med,False,,0,0,no
126,,,,0,0,2,0,0.17,report_type,med,False,,0,0,yes
127,,,,0,0,0,0,0.315,type_cad,low,True,fallback,0,0,no
128,W,report,131,1,2,3,0,0.17,report_type,med,False,,0,0,yes
129,,,,0,0,0,0,0.17,report_type,med,False,,0,0,no
130,W,report,131,1,0,2,0,0.39,site_default,low,False,,0,0,yes
131,W,report,145,1,0,0,0,0.17,report_type,med,False,,0,0,yes
132,,,,0,0,0,0,0.17,report_type,med,False,,0,0,no
133,S,report,145,1,2,3,0,0.315,type_cad,low,True,fallback,0,0,yes
134,E,report,133,1,2,0,0,0.39,site_default,low,True,ortho,0,0,yes
135,,,,0,0,0,0,0.17,report_type,med,False,,0,0,no
136,,,,0,0,2,0,0.17,report_type,med,False,,0,0,yes
137,,,,0,0,0,0,0.17,report_type,med,False,,0,0,no
138,E,report,133,1,0,0,0,0.17,report_type,med,False,,0,0,yes
139,E,report,133,1,0,0,0,0.17,report_type,med,False,,0,0,yes
140,,,,0,0,0,0,0.17,report_type,med,False,,0,0,no
141,E,report,133,1,0,2,0,0.17,report_type,med,False,,0,0,yes
142,E,report,133,1,0,0,0,0.17,report_type,med,False,,0,0,yes
143,E,report,147,1,0,0,0,0.17,report_type,med,False,,0,0,yes
144,S,report,147,1,0,4,0,0.315,type_cad,low,True,ortho,0,0,yes
145,E,report,147,1,0,0,0,0.315,type_cad,low,True,ortho,0,0,yes
146,S,report,147,1,0,0,0,0.17,report_type,med,False,,0,0,yes
147,,,,0,0,0,0,0.315,type_cad,low,True,fallback,0,0,no
148,E,report,147,1,0,0,0,0.39,site_default,low,False,,0,0,yes
149,E,report,147,1,2,0,0,0.17,report_type,med,False,,0,0,yes
150,S,report,148,1,0,3,0,0.39,site_default,low,True,ortho,0,0,yes
151,S,report,148,1,0,3,0,0.315,type_cad,low,True,ortho,0,0,yes
152,S,report,148,1,0,0,0,0.17,report_type,med,False,,0,0,yes
153,E,report,148,1,0,1,0,0.315,type_cad,low,True,fallback,0,0,yes
154,E,report,148,1,0,1,0,0.315,type_cad,low,True,fallback,0,0,yes
155,E,report,151,1,0,1,0,0.315,type_cad,low,True,fallback,0,0,yes
156,,,,0,0,0,0,0.315,type_cad,low,True,fallback,0,0,no
157,,,,0,0,0,0,0.17,report_type,med,False,,0,0,no
158,E,report,151,1,0,1,0,0.39,site_default,low,True,fallback,0,0,yes
159,,,,0,0,0,0,0.39,site_default,low,False,,0,0,no
160,E,report,151,1,0,0,0,0.315,type_cad,low,True,fallback,0,0,yes
161,E,report,152,1,0,2,0,0.315,type_cad,low,True,ortho,0,0,yes
162,,,,0,0,2,0,0.315,type_cad,low,True,fallback,0,0,yes
163,E,report,152,1,2,2,0,0.39,site_default,low,False,,0,0,yes
164,E,report,152,1,0,0,0,0.17,report_type,med,False,,0,0,yes
165,S,report,152,1,0,0,0,0.17,report_type,med,False,,0,0,yes
166,S,report,152,1,0,0,0,0.315,type_cad,low,True,ortho,0,0,yes
167,W,report,140,1,0,0,0,0.39,site_default,low,True,ortho,0,0,yes
168,S,report,141,1,1,1,0,0.39,site_default,low,False,,0,0,yes
169,S,report,141,1,8,0,0,0.315,type_cad,low,True,fallback,0,0,yes
170,S,report,141,1,0,0,0,0.17,report_type,med,False,,0,0,yes
171,,,,0,0,0,0,0.39,type_cad,low,False,,0,0,no
172,E,report,83,1,0,0,0,0.39,type_cad,low,False,,0,0,yes
173,E,report,85,1,0,0,0,0.39,type_cad,low,False,,0,0,yes
174,,,,0,0,0,0,0.17,report_type,med,False,,0,0,no
175,,,,0,0,0,0,0.39,cad,high,False,,0,0,no
176,E,report,142,1,0,0,0,0.39,type_cad,low,False,,0,0,yes
177,S,report,142,1,1,0,0,0.17,report_type,med,False,,0,0,yes
178,E,report,143,1,0,0,0,0.39,type_cad,low,False,,0,0,yes
179,,,,0,0,0,0,0.315,type_cad,low,True,fallback,0,0,no
180,SW,report,143,1,0,2,2,0.39,site_default,low,False,,0,0,yes
181,W,report,159,1,0,0,0,0.085,report_type,med,True,fallback,0,0,yes
182,W,report,159,1,0,0,0,0.085,report_type,med,True,fallback,0,0,yes
183,,,,0,0,0,0,0.315,type_cad,low,True,ortho,0,0,no
184,S,report,147,1,0,0,0,0.39,site_default,low,True,ortho,0,0,yes
185,S,report,147,1,0,2,0,0.17,report_type,med,False,,0,0,yes
186,W,report,147,1,0,0,0,0.085,report_type,med,True,fallback,0,0,yes
187,,,,0,0,0,0,0.17,report_type,med,False,,0,0,no
188,,,,0,0,0,0,0.315,type_cad,low,True,fallback,0,0,no
189,W,report,148,1,0,0,0,0.17,report_type,med,False,,0,0,yes
190,S,report,148,1,0,0,0,0.315,type_cad,low,True,ortho,0,0,yes
191,W,report,148,1,0,0,0,0.315,type_cad,low,True,fallback,0,0,yes
192,W,report,148,1,0,1,0,0.39,site_default,low,True,ortho,0,0,yes
193,W,report,148,1,0,0,0,0.315,type_cad,low,True,ortho,0,0,yes
194,,,,0,0,0,0,0.39,site_default,low,True,ortho,0,0,no
195,W,report,164,1,0,1,0,0.315,type_cad,low,True,ortho,0,0,yes
196,,,,0,0,0,0,0.17,report_type,med,False,,0,0,no
197,E,report,164,1,0,0,0,0.17,report_type,med,False,,0,0,yes
198,W,report,164,1,3,2,0,0.17,report_type,med,False,,0,0,yes
199,,,,0,0,0,0,0.315,type_cad,low,True,ortho,0,0,no
200,W,report,165,1,0,0,0,0.315,type_cad,low,True,fallback,0,0,yes
201,W,report,165,1,0,0,0,0.315,type_cad,low,True,ortho,0,0,yes
202,W,report,153,1,0,0,0,0.315,type_cad,low,True,fallback,0,0,yes
203,W,report,153,1,0,0,0,0.17,report_type,med,False,,0,0,yes
204,W,report,153,1,0,0,0,0.17,report_type,med,False,,0,0,yes
205,W,report,153,1,0,0,0,0.39,site_default,low,False,,0,0,yes
206,,,,0,2,0,0,0.39,site_default,low,False,,0,0,yes
207,S,report,154,1,0,0,0,0.315,type_cad,low,True,ortho,0,0,yes
208,W,report,169,1,3,1,0,0.315,type_cad,low,True,ortho,0,0,yes
209,W,report,169,1,0,0,0,0.17,report_type,med,False,,0,0,yes
210,W,report,88,1,0,3,0,0.28,cad,high,True,ortho,0,0,yes
211,W,report,169,1,0,1,0,0.39,site_default,low,False,,0,0,yes
212,S,report,157,1,0,1,0,0.17,report_type,med,False,,0,0,yes
213,,,,0,0,0,0,0.39,site_default,low,True,ortho,0,0,no
214,,,,0,0,0,0,0.315,type_cad,low,True,ortho,0,0,no
215,W,report,158,1,0,0,0,0.39,site_default,low,False,,0,0,yes
216,,,,0,0,0,0,0.17,report_type,med,False,,0,0,no
217,S,report,158,1,0,0,0,0.17,report_type,med,False,,0,0,yes
218,W,report,158,1,2,0,0,0.315,type_cad,low,True,fallback,0,0,yes
219,W,report,158,1,0,2,0,0.315,type_cad,low,True,ortho,0,0,yes
220,W,report,158,1,0,0,0,0.17,report_type,med,False,,0,0,yes
221,,,,0,0,0,0,0.17,report_type,med,False,,0,0,no
222,,,,0,0,0,0,0.17,report_type,med,False,,0,0,no
223,W,report,159,1,0,0,0,0.405,type_cad,low,False,,0,0,yes
224,W,report,159,1,0,0,1,0.39,site_default,low,True,ortho,0,0,yes
225,E,report,159,1,3,0,0,0.315,type_cad,low,True,ortho,0,0,yes
226,E,report,159,1,0,0,0,0.17,report_type,med,False,,0,0,yes
227,S,report,175,1,0,0,0,0.17,report_type,med,False,,0,0,yes
228,W,report,175,1,0,4,0,0.315,type_cad,low,True,fallback,0,0,yes
229,W,report,175,1,0,2,0,0.17,report_type,med,False,,0,0,yes
230,E,report,175,1,0,1,0,0.315,type_cad,low,True,fallback,0,0,yes
231,W,report,175,1,0,0,0,0.17,report_type,med,False,,0,0,yes
232,S,report,175,1,0,0,0,0.315,type_cad,low,True,ortho,0,0,yes
233,S,report,175,1,0,0,0,0.17,report_type,med,False,,0,0,yes
234,S,report,161,1,0,0,0,0.17,report_type,med,False,,0,0,yes
235,S,report,161,1,0,2,0,0.17,report_type,med,False,,0,0,yes
236,W,report,161,1,0,1,0,0.17,report_type,med,False,,0,0,yes
237,W,report,161,1,0,0,0,0.315,type_cad,low,True,ortho,0,0,yes
238,W,report,161,1,0,0,0,0.17,report_type,med,False,,0,0,yes
239,,,,0,0,0,0,0.17,report_type,med,False,,0,0,no
240,W,report,161,1,0,2,0,0.315,type_cad,low,True,ortho,0,0,yes
241,W,report,162,1,2,1,0,0.315,type_cad,low,True,ortho,0,0,yes
242,S,report,162,1,0,0,0,0.315,type_cad,low,True,ortho,0,0,yes
243,W,report,162,1,1,2,0,0.315,type_cad,low,True,ortho,0,0,yes
244,W,report,162,1,0,4,0,0.315,type_cad,low,True,ortho,0,0,yes
245,W,report,162,1,0,0,0,0.17,report_type,med,False,,0,0,yes
246,,,,0,0,0,0,0.17,report_type,med,False,,0,0,no
247,W,report,162,1,0,1,0,0.315,type_cad,low,True,ortho,0,0,yes
248,S,report,163,1,0,0,0,0.085,report_type,med,True,fallback,0,0,yes
249,S,report,163,1,3,3,0,0.17,report_type,med,False,,0,0,yes
250,,,,0,0,0,0,0.17,report_type,med,False,,0,0,no
251,W,report,163,1,0,0,0,0.17,report_type,med,False,,0,0,yes
252,S,report,163,1,0,0,0,0.39,site_default,low,False,,0,0,yes
253,W,report,163,1,0,5,0,0.17,report_type,med,False,,0,0,yes
254,,,,0,0,0,0,0.315,type_cad,low,True,fallback,0,0,no
255,W,report,165,1,0,3,0,0.315,type_cad,low,True,ortho,0,0,yes
256,SW,report,165,1,0,0,0,0.39,type_cad,low,False,,0,0,yes
257,S,report,165,1,0,1,0,0.39,site_default,low,True,fallback,0,0,yes
258,S,report,165,1,2,3,0,0.315,type_cad,low,True,ortho,0,0,yes
259,W,report,165,1,0,0,0,0.39,site_default,low,False,,0,0,yes
260,S,report,183,1,0,0,0,0.17,report_type,med,False,,0,0,yes
261,S,report,183,1,0,0,0,0.085,report_type,med,True,ortho,0,0,yes
262,W,report,183,1,0,0,0,0.085,report_type,med,True,fallback,0,0,yes
263,E,report,183,1,0,0,0,0.17,report_type,med,False,,0,0,yes
